3126834263,Dajjalsystem,36
2390165938,ahenjar,840
2414559685,amilcarhanniba1,1919
21016128,AgatheNRV,560
3409050532,NataliaGGarcia5,13
407732116,LILTIKKIB,926
117523080,yanisssou,130
2402247031,mouadibun,369
266072395,Mrelguevara,89
244170872,blabalade,4502
2864427501,fredussart,1002
282921586,RafikBiff,539
1350411432,opFethi,1344
194045521,BenLevyCohen,2206
736880372,FinDesTemps,4938
521750725,ybenderbal,12594
23197161,KarimaB_,13045
348220331,Linformatrice,22067
97056162,Campagnebds,4635
505100206,jeremo12,21347
39083212,MadjidFalastine,2748
401508362,Barakacity,40855
130638904,pauldraszen,1199
162264646,oxymorus,3047
1496216082,s_assbague,7265
7627832,Alkanz,32831
238582603,YASMINAREBEL,728
1099424233,keyzer_usual,7165
21579466,EladRatson,18845
1350411432,opFethi,1344
